Building,ASHRAE IECC Climate Zone 2004,Bathroom Spot Vent Hour,County and PUMA,AIANNH Area,CEC Climate Zone,City,County,AHS Region,ASHRAE IECC Climate Zone 2004 - 2A Split,Building America Climate Zone,Dehumidifier,Door Area,Doors,Eaves,Electric Vehicle,Energystar Climate Zone 2023,Ground Thermal Conductivity,HVAC System Is Faulted,HVAC System Is Scaled,Holiday Lighting,Hot Water Distribution,ISO RTO Region,Interior Shading,Lighting Interior Use,Lighting Other Use,Mechanical Ventilation,Metropolitan and Micropolitan Statistical Area,County Metro Status,Misc Gas Fireplace,Misc Gas Grill,Misc Gas Lighting,Misc Well Pump,Natural Ventilation,Orientation,Overhangs,PUMA,Geometry Building Type ACS,Geometry Building Number Units SFA,Geometry Building Horizontal Location SFA,Geometry Building Type RECS,Cooling Setpoint Has Offset,Cooling Setpoint Offset Magnitude,Cooling Setpoint Offset Period,Corridor,Neighbors,PUMA Metro Status,REEDS Balancing Area,Generation And Emissions Assessment Region,Radiant Barrier,Range Spot Vent Hour,Solar Hot Water,State,Census Division,Census Division RECS,Census Region,Custom State,Lighting,Location Region,Plug Loads,Usage Level,Clothes Dryer Usage Level,Clothes Washer Usage Level,Cooking Range Usage Level,Dishwasher Usage Level,Hot Water Fixtures,Plug Load Diversity,Refrigerator Usage Level,Vacancy Status,Ceiling Fan,Has PV,Battery,PV Orientation,PV System Size,Tenure,Vintage,HVAC Secondary Heating Fuel,HVAC Secondary Heating Type,HVAC Secondary Heating Efficiency,HVAC Secondary Heating Partial Space Conditioning,Heating Fuel,HVAC Heating Type,Vintage ACS,Geometry Foundation Type,HVAC Cooling Type,Cooling Setpoint,HVAC Has Shared System,HVAC Cooling Efficiency,HVAC Cooling Autosizing Factor,HVAC Has Ducts,HVAC Heating Efficiency,HVAC Has Zonal Electric Heating,HVAC Heating Autosizing Factor,HVAC Heating Type And Fuel,HVAC Shared Efficiencies,HVAC System Single Speed AC Airflow,HVAC System Single Speed AC Charge,HVAC System Single Speed ASHP Airflow,HVAC System Single Speed ASHP Charge,Heating Setpoint,Heating Setpoint Has Offset,Heating Setpoint Offset Magnitude,Heating Setpoint Offset Period,Income,Income RECS2015,Income RECS2020,Geometry Floor Area,Bedrooms,Geometry Floor Area Bin,Geometry Stories,Geometry Building Level MF,Geometry Building Number Units MF,Geometry Building Horizontal Location MF,Geometry Building Type Height,Geometry Stories Low Rise,Geometry Attic Type,Geometry Garage,Geometry Space Combination,Duct Location,Duct Leakage and Insulation,Geometry Story Bin,Geometry Wall Type,Geometry Wall Exterior Finish,HVAC Cooling Partial Space Conditioning,Infiltration,Insulation Ceiling,Insulation Floor,Insulation Foundation Wall,Insulation Rim Joist,Insulation Roof,Insulation Slab,Insulation Wall,Occupants,Area Median Income,Federal Poverty Level,Clothes Washer Presence,Clothes Dryer,Clothes Washer,Cooking Range,Dishwasher,Household Has Tribal Persons,Misc Extra Refrigerator,Misc Freezer,Misc Hot Tub Spa,Misc Pool,Misc Pool Heater,Misc Pool Pump,Refrigerator,Roof Material,State Metro Median Income,Water Heater Fuel,Water Heater Efficiency,Water Heater In Unit,Water Heater Location,Window Areas,Windows,HPWH Fraction of Space Heating Load,Coil Type,Loops Setpoint,HPWH Capacity,HPWH Count,HPWH Tank Volume,Boiler Tank Volume
1,5B,Hour10,"G0800310, G08000815",No,None,"CO, Denver","CO, Denver County",Non-CBSA Mountain,5B,Cold,None,20 ft^2,Fiberglass,2 ft,None,Northern,0.8,No,No,No Exterior Use,Uninsulated,None,"Summer = 0.7, Winter = 0.85",100% Usage,100% Usage,None,"Denver-Aurora-Lakewood, CO MSA",Metropolitan,None,None,None,None,"Cooling Season, 7 days/wk",East,None,"CO, 00815",20 to 49 Unit,None,None,Multi-Family with 5+ Units,No,0F,None,Double-Loaded Interior,12,"In metro area, not/partially in principal city",33,RMPAc,None,Hour16,None,CO,Mountain,Mountain North,West,Others,100% Incandescent,CR05,100%,Medium,100% Usage,100% Usage,100% Usage,100% Usage,100% Usage,100%,100% Usage,Occupied,None,No,None,None,None,Renter,1950s,None,None,None,0%,Natural Gas,Non-Ducted Heating,1940-59,Slab,Room AC,76F,None,"Room AC, EER 12.0",None,Yes,Shared Heating,No,None,Natural Gas Shared Heating,"Boiler Baseboards Heating Only, Fuel",None,None,None,None,71F,No,0F,None,<10000,<20000,<20000,500-749,1,0-1499,4,Middle,36,Middle,"Multifamily with 5+ units, 4-7 stories",4+,None,None,"Multi-Family with 5+ Units Middle Unit, Slab, No Attic, No Garage",Living Space,"0% Leakage to Outside, Uninsulated",<8,Wood Frame,"Stucco, Light",100% Conditioned,15 ACH50,None,None,None,None,"Finished, R-38",Uninsulated,"Wood Stud, Uninsulated",2,0-30%,0-100%,Yes,Electric,Standard,Electric Resistance,318 Rated kWh,No,None,None,None,None,None,None,EF 17.6,"Asphalt Shingles, Medium",0-30%,Electricity,"Electric Heat Pump, Standard, Combi",No,Conditioned Mechanical Room,F12 B12 L12 R12,"Single, Clear, Metal",0.6,spec,140,25000,5,200,275
2,5B,Hour10,"G0800310, G08000815",No,None,"CO, Denver","CO, Denver County",Non-CBSA Mountain,5B,Cold,None,20 ft^2,Fiberglass,2 ft,None,Northern,0.8,No,No,No Exterior Use,Uninsulated,None,"Summer = 0.7, Winter = 0.85",100% Usage,100% Usage,None,"Denver-Aurora-Lakewood, CO MSA",Metropolitan,None,None,None,None,"Cooling Season, 7 days/wk",East,None,"CO, 00815",20 to 49 Unit,None,None,Multi-Family with 5+ Units,No,0F,None,Double-Loaded Interior,12,"In metro area, not/partially in principal city",33,RMPAc,None,Hour16,None,CO,Mountain,Mountain North,West,Others,100% Incandescent,CR05,100%,Medium,100% Usage,100% Usage,100% Usage,100% Usage,100% Usage,100%,100% Usage,Occupied,None,No,None,None,None,Renter,1950s,None,None,None,0%,Natural Gas,Non-Ducted Heating,1940-59,Slab,Room AC,76F,None,"Room AC, EER 12.0",None,Yes,Shared Heating,No,None,Natural Gas Shared Heating,"Boiler Baseboards Heating Only, Fuel",None,None,None,None,71F,No,0F,None,<10000,<20000,<20000,500-749,1,0-1499,4,Middle,36,Middle,"Multifamily with 5+ units, 4-7 stories",4+,None,None,"Multi-Family with 5+ Units Middle Unit, Slab, No Attic, No Garage",Living Space,"0% Leakage to Outside, Uninsulated",<8,Wood Frame,"Stucco, Light",100% Conditioned,15 ACH50,None,None,None,None,"Finished, R-38",Uninsulated,"Wood Stud, Uninsulated",2,0-30%,0-100%,Yes,Electric,Standard,Electric Resistance,318 Rated kWh,No,None,None,None,None,None,None,EF 17.6,"Asphalt Shingles, Medium",0-30%,Electricity,"Electric Heat Pump, Standard, Combi",No,Conditioned Mechanical Room,F12 B12 L12 R12,"Single, Clear, Metal",0.6,spec,140,25000,4,200,275
3,5B,Hour10,"G0800310, G08000815",No,None,"CO, Denver","CO, Denver County",Non-CBSA Mountain,5B,Cold,None,20 ft^2,Fiberglass,2 ft,None,Northern,0.8,No,No,No Exterior Use,Uninsulated,None,"Summer = 0.7, Winter = 0.85",100% Usage,100% Usage,None,"Denver-Aurora-Lakewood, CO MSA",Metropolitan,None,None,None,None,"Cooling Season, 7 days/wk",East,None,"CO, 00815",20 to 49 Unit,None,None,Multi-Family with 5+ Units,No,0F,None,Double-Loaded Interior,12,"In metro area, not/partially in principal city",33,RMPAc,None,Hour16,None,CO,Mountain,Mountain North,West,Others,100% Incandescent,CR05,100%,Medium,100% Usage,100% Usage,100% Usage,100% Usage,100% Usage,100%,100% Usage,Occupied,None,No,None,None,None,Renter,1950s,None,None,None,0%,Natural Gas,Non-Ducted Heating,1940-59,Slab,Room AC,76F,None,"Room AC, EER 12.0",None,Yes,Shared Heating,No,None,Natural Gas Shared Heating,"Boiler Baseboards Heating Only, Fuel",None,None,None,None,71F,No,0F,None,<10000,<20000,<20000,500-749,1,0-1499,4,Middle,36,Middle,"Multifamily with 5+ units, 4-7 stories",4+,None,None,"Multi-Family with 5+ Units Middle Unit, Slab, No Attic, No Garage",Living Space,"0% Leakage to Outside, Uninsulated",<8,Wood Frame,"Stucco, Light",100% Conditioned,15 ACH50,None,None,None,None,"Finished, R-38",Uninsulated,"Wood Stud, Uninsulated",2,0-30%,0-100%,Yes,Electric,Standard,Electric Resistance,318 Rated kWh,No,None,None,None,None,None,None,EF 17.6,"Asphalt Shingles, Medium",0-30%,Electricity,"Electric Heat Pump, Standard, Combi",No,Conditioned Mechanical Room,F12 B12 L12 R12,"Single, Clear, Metal",0.6,spec,140,25000,3,200,275
4,5B,Hour10,"G0800310, G08000815",No,None,"CO, Denver","CO, Denver County",Non-CBSA Mountain,5B,Cold,None,20 ft^2,Fiberglass,2 ft,None,Northern,0.8,No,No,No Exterior Use,Uninsulated,None,"Summer = 0.7, Winter = 0.85",100% Usage,100% Usage,None,"Denver-Aurora-Lakewood, CO MSA",Metropolitan,None,None,None,None,"Cooling Season, 7 days/wk",East,None,"CO, 00815",20 to 49 Unit,None,None,Multi-Family with 5+ Units,No,0F,None,Double-Loaded Interior,12,"In metro area, not/partially in principal city",33,RMPAc,None,Hour16,None,CO,Mountain,Mountain North,West,Others,100% Incandescent,CR05,100%,Medium,100% Usage,100% Usage,100% Usage,100% Usage,100% Usage,100%,100% Usage,Occupied,None,No,None,None,None,Renter,1950s,None,None,None,0%,Natural Gas,Non-Ducted Heating,1940-59,Slab,Room AC,76F,None,"Room AC, EER 12.0",None,Yes,Shared Heating,No,None,Natural Gas Shared Heating,"Boiler Baseboards Heating Only, Fuel",None,None,None,None,71F,No,0F,None,<10000,<20000,<20000,500-749,1,0-1499,4,Middle,36,Middle,"Multifamily with 5+ units, 4-7 stories",4+,None,None,"Multi-Family with 5+ Units Middle Unit, Slab, No Attic, No Garage",Living Space,"0% Leakage to Outside, Uninsulated",<8,Wood Frame,"Stucco, Light",100% Conditioned,15 ACH50,None,None,None,None,"Finished, R-38",Uninsulated,"Wood Stud, Uninsulated",2,0-30%,0-100%,Yes,Electric,Standard,Electric Resistance,318 Rated kWh,No,None,None,None,None,None,None,EF 17.6,"Asphalt Shingles, Medium",0-30%,Electricity,"Electric Heat Pump, Standard, Combi",No,Conditioned Mechanical Room,F12 B12 L12 R12,"Single, Clear, Metal",0.6,spec,140,25000,2,200,275
5,5B,Hour10,"G0800310, G08000815",No,None,"CO, Denver","CO, Denver County",Non-CBSA Mountain,5B,Cold,None,20 ft^2,Fiberglass,2 ft,None,Northern,0.8,No,No,No Exterior Use,Uninsulated,None,"Summer = 0.7, Winter = 0.85",100% Usage,100% Usage,None,"Denver-Aurora-Lakewood, CO MSA",Metropolitan,None,None,None,None,"Cooling Season, 7 days/wk",East,None,"CO, 00815",20 to 49 Unit,None,None,Multi-Family with 5+ Units,No,0F,None,Double-Loaded Interior,12,"In metro area, not/partially in principal city",33,RMPAc,None,Hour16,None,CO,Mountain,Mountain North,West,Others,100% Incandescent,CR05,100%,Medium,100% Usage,100% Usage,100% Usage,100% Usage,100% Usage,100%,100% Usage,Occupied,None,No,None,None,None,Renter,1950s,None,None,None,0%,Natural Gas,Non-Ducted Heating,1940-59,Slab,Room AC,76F,None,"Room AC, EER 12.0",None,Yes,Shared Heating,No,None,Natural Gas Shared Heating,"Boiler Baseboards Heating Only, Fuel",None,None,None,None,71F,No,0F,None,<10000,<20000,<20000,500-749,1,0-1499,4,Middle,36,Middle,"Multifamily with 5+ units, 4-7 stories",4+,None,None,"Multi-Family with 5+ Units Middle Unit, Slab, No Attic, No Garage",Living Space,"0% Leakage to Outside, Uninsulated",<8,Wood Frame,"Stucco, Light",100% Conditioned,15 ACH50,None,None,None,None,"Finished, R-38",Uninsulated,"Wood Stud, Uninsulated",2,0-30%,0-100%,Yes,Electric,Standard,Electric Resistance,318 Rated kWh,No,None,None,None,None,None,None,EF 17.6,"Asphalt Shingles, Medium",0-30%,Electricity,"Electric Heat Pump, Standard, Combi",No,Conditioned Mechanical Room,F12 B12 L12 R12,"Single, Clear, Metal",0.6,spec,140,25000,1,200,275
6,5B,Hour10,"G0800310, G08000815",No,None,"CO, Denver","CO, Denver County",Non-CBSA Mountain,5B,Cold,None,20 ft^2,Fiberglass,2 ft,None,Northern,0.8,No,No,No Exterior Use,Uninsulated,None,"Summer = 0.7, Winter = 0.85",100% Usage,100% Usage,None,"Denver-Aurora-Lakewood, CO MSA",Metropolitan,None,None,None,None,"Cooling Season, 7 days/wk",East,None,"CO, 00815",20 to 49 Unit,None,None,Multi-Family with 5+ Units,No,0F,None,Double-Loaded Interior,12,"In metro area, not/partially in principal city",33,RMPAc,None,Hour16,None,CO,Mountain,Mountain North,West,Others,100% Incandescent,CR05,100%,Medium,100% Usage,100% Usage,100% Usage,100% Usage,100% Usage,100%,100% Usage,Occupied,None,No,None,None,None,Renter,1950s,None,None,None,0%,Natural Gas,Non-Ducted Heating,1940-59,Slab,Room AC,76F,None,"Room AC, EER 12.0",None,Yes,Shared Heating,No,None,Natural Gas Shared Heating,"Boiler Baseboards Heating Only, Fuel",None,None,None,None,71F,No,0F,None,<10000,<20000,<20000,500-749,1,0-1499,4,Middle,36,Middle,"Multifamily with 5+ units, 4-7 stories",4+,None,None,"Multi-Family with 5+ Units Middle Unit, Slab, No Attic, No Garage",Living Space,"0% Leakage to Outside, Uninsulated",<8,Wood Frame,"Stucco, Light",100% Conditioned,15 ACH50,None,None,None,None,"Finished, R-38",Uninsulated,"Wood Stud, Uninsulated",2,0-30%,0-100%,Yes,Electric,Standard,Electric Resistance,318 Rated kWh,No,None,None,None,None,None,None,EF 17.6,"Asphalt Shingles, Medium",0-30%,Electricity,"Electric Heat Pump, Standard, Combi",No,Conditioned Mechanical Room,F12 B12 L12 R12,"Single, Clear, Metal",0.6,spec,140,20250,5,200,275
7,5B,Hour10,"G0800310, G08000815",No,None,"CO, Denver","CO, Denver County",Non-CBSA Mountain,5B,Cold,None,20 ft^2,Fiberglass,2 ft,None,Northern,0.8,No,No,No Exterior Use,Uninsulated,None,"Summer = 0.7, Winter = 0.85",100% Usage,100% Usage,None,"Denver-Aurora-Lakewood, CO MSA",Metropolitan,None,None,None,None,"Cooling Season, 7 days/wk",East,None,"CO, 00815",20 to 49 Unit,None,None,Multi-Family with 5+ Units,No,0F,None,Double-Loaded Interior,12,"In metro area, not/partially in principal city",33,RMPAc,None,Hour16,None,CO,Mountain,Mountain North,West,Others,100% Incandescent,CR05,100%,Medium,100% Usage,100% Usage,100% Usage,100% Usage,100% Usage,100%,100% Usage,Occupied,None,No,None,None,None,Renter,1950s,None,None,None,0%,Natural Gas,Non-Ducted Heating,1940-59,Slab,Room AC,76F,None,"Room AC, EER 12.0",None,Yes,Shared Heating,No,None,Natural Gas Shared Heating,"Boiler Baseboards Heating Only, Fuel",None,None,None,None,71F,No,0F,None,<10000,<20000,<20000,500-749,1,0-1499,4,Middle,36,Middle,"Multifamily with 5+ units, 4-7 stories",4+,None,None,"Multi-Family with 5+ Units Middle Unit, Slab, No Attic, No Garage",Living Space,"0% Leakage to Outside, Uninsulated",<8,Wood Frame,"Stucco, Light",100% Conditioned,15 ACH50,None,None,None,None,"Finished, R-38",Uninsulated,"Wood Stud, Uninsulated",2,0-30%,0-100%,Yes,Electric,Standard,Electric Resistance,318 Rated kWh,No,None,None,None,None,None,None,EF 17.6,"Asphalt Shingles, Medium",0-30%,Electricity,"Electric Heat Pump, Standard, Combi",No,Conditioned Mechanical Room,F12 B12 L12 R12,"Single, Clear, Metal",0.6,spec,140,20250,4,200,275
8,5B,Hour10,"G0800310, G08000815",No,None,"CO, Denver","CO, Denver County",Non-CBSA Mountain,5B,Cold,None,20 ft^2,Fiberglass,2 ft,None,Northern,0.8,No,No,No Exterior Use,Uninsulated,None,"Summer = 0.7, Winter = 0.85",100% Usage,100% Usage,None,"Denver-Aurora-Lakewood, CO MSA",Metropolitan,None,None,None,None,"Cooling Season, 7 days/wk",East,None,"CO, 00815",20 to 49 Unit,None,None,Multi-Family with 5+ Units,No,0F,None,Double-Loaded Interior,12,"In metro area, not/partially in principal city",33,RMPAc,None,Hour16,None,CO,Mountain,Mountain North,West,Others,100% Incandescent,CR05,100%,Medium,100% Usage,100% Usage,100% Usage,100% Usage,100% Usage,100%,100% Usage,Occupied,None,No,None,None,None,Renter,1950s,None,None,None,0%,Natural Gas,Non-Ducted Heating,1940-59,Slab,Room AC,76F,None,"Room AC, EER 12.0",None,Yes,Shared Heating,No,None,Natural Gas Shared Heating,"Boiler Baseboards Heating Only, Fuel",None,None,None,None,71F,No,0F,None,<10000,<20000,<20000,500-749,1,0-1499,4,Middle,36,Middle,"Multifamily with 5+ units, 4-7 stories",4+,None,None,"Multi-Family with 5+ Units Middle Unit, Slab, No Attic, No Garage",Living Space,"0% Leakage to Outside, Uninsulated",<8,Wood Frame,"Stucco, Light",100% Conditioned,15 ACH50,None,None,None,None,"Finished, R-38",Uninsulated,"Wood Stud, Uninsulated",2,0-30%,0-100%,Yes,Electric,Standard,Electric Resistance,318 Rated kWh,No,None,None,None,None,None,None,EF 17.6,"Asphalt Shingles, Medium",0-30%,Electricity,"Electric Heat Pump, Standard, Combi",No,Conditioned Mechanical Room,F12 B12 L12 R12,"Single, Clear, Metal",0.6,spec,140,20250,3,200,275
9,5B,Hour10,"G0800310, G08000815",No,None,"CO, Denver","CO, Denver County",Non-CBSA Mountain,5B,Cold,None,20 ft^2,Fiberglass,2 ft,None,Northern,0.8,No,No,No Exterior Use,Uninsulated,None,"Summer = 0.7, Winter = 0.85",100% Usage,100% Usage,None,"Denver-Aurora-Lakewood, CO MSA",Metropolitan,None,None,None,None,"Cooling Season, 7 days/wk",East,None,"CO, 00815",20 to 49 Unit,None,None,Multi-Family with 5+ Units,No,0F,None,Double-Loaded Interior,12,"In metro area, not/partially in principal city",33,RMPAc,None,Hour16,None,CO,Mountain,Mountain North,West,Others,100% Incandescent,CR05,100%,Medium,100% Usage,100% Usage,100% Usage,100% Usage,100% Usage,100%,100% Usage,Occupied,None,No,None,None,None,Renter,1950s,None,None,None,0%,Natural Gas,Non-Ducted Heating,1940-59,Slab,Room AC,76F,None,"Room AC, EER 12.0",None,Yes,Shared Heating,No,None,Natural Gas Shared Heating,"Boiler Baseboards Heating Only, Fuel",None,None,None,None,71F,No,0F,None,<10000,<20000,<20000,500-749,1,0-1499,4,Middle,36,Middle,"Multifamily with 5+ units, 4-7 stories",4+,None,None,"Multi-Family with 5+ Units Middle Unit, Slab, No Attic, No Garage",Living Space,"0% Leakage to Outside, Uninsulated",<8,Wood Frame,"Stucco, Light",100% Conditioned,15 ACH50,None,None,None,None,"Finished, R-38",Uninsulated,"Wood Stud, Uninsulated",2,0-30%,0-100%,Yes,Electric,Standard,Electric Resistance,318 Rated kWh,No,None,None,None,None,None,None,EF 17.6,"Asphalt Shingles, Medium",0-30%,Electricity,"Electric Heat Pump, Standard, Combi",No,Conditioned Mechanical Room,F12 B12 L12 R12,"Single, Clear, Metal",0.6,spec,140,20250,2,200,275
10,5B,Hour10,"G0800310, G08000815",No,None,"CO, Denver","CO, Denver County",Non-CBSA Mountain,5B,Cold,None,20 ft^2,Fiberglass,2 ft,None,Northern,0.8,No,No,No Exterior Use,Uninsulated,None,"Summer = 0.7, Winter = 0.85",100% Usage,100% Usage,None,"Denver-Aurora-Lakewood, CO MSA",Metropolitan,None,None,None,None,"Cooling Season, 7 days/wk",East,None,"CO, 00815",20 to 49 Unit,None,None,Multi-Family with 5+ Units,No,0F,None,Double-Loaded Interior,12,"In metro area, not/partially in principal city",33,RMPAc,None,Hour16,None,CO,Mountain,Mountain North,West,Others,100% Incandescent,CR05,100%,Medium,100% Usage,100% Usage,100% Usage,100% Usage,100% Usage,100%,100% Usage,Occupied,None,No,None,None,None,Renter,1950s,None,None,None,0%,Natural Gas,Non-Ducted Heating,1940-59,Slab,Room AC,76F,None,"Room AC, EER 12.0",None,Yes,Shared Heating,No,None,Natural Gas Shared Heating,"Boiler Baseboards Heating Only, Fuel",None,None,None,None,71F,No,0F,None,<10000,<20000,<20000,500-749,1,0-1499,4,Middle,36,Middle,"Multifamily with 5+ units, 4-7 stories",4+,None,None,"Multi-Family with 5+ Units Middle Unit, Slab, No Attic, No Garage",Living Space,"0% Leakage to Outside, Uninsulated",<8,Wood Frame,"Stucco, Light",100% Conditioned,15 ACH50,None,None,None,None,"Finished, R-38",Uninsulated,"Wood Stud, Uninsulated",2,0-30%,0-100%,Yes,Electric,Standard,Electric Resistance,318 Rated kWh,No,None,None,None,None,None,None,EF 17.6,"Asphalt Shingles, Medium",0-30%,Electricity,"Electric Heat Pump, Standard, Combi",No,Conditioned Mechanical Room,F12 B12 L12 R12,"Single, Clear, Metal",0.6,spec,140,20250,1,200,275
11,5B,Hour10,"G0800310, G08000815",No,None,"CO, Denver","CO, Denver County",Non-CBSA Mountain,5B,Cold,None,20 ft^2,Fiberglass,2 ft,None,Northern,0.8,No,No,No Exterior Use,Uninsulated,None,"Summer = 0.7, Winter = 0.85",100% Usage,100% Usage,None,"Denver-Aurora-Lakewood, CO MSA",Metropolitan,None,None,None,None,"Cooling Season, 7 days/wk",East,None,"CO, 00815",20 to 49 Unit,None,None,Multi-Family with 5+ Units,No,0F,None,Double-Loaded Interior,12,"In metro area, not/partially in principal city",33,RMPAc,None,Hour16,None,CO,Mountain,Mountain North,West,Others,100% Incandescent,CR05,100%,Medium,100% Usage,100% Usage,100% Usage,100% Usage,100% Usage,100%,100% Usage,Occupied,None,No,None,None,None,Renter,1950s,None,None,None,0%,Natural Gas,Non-Ducted Heating,1940-59,Slab,Room AC,76F,None,"Room AC, EER 12.0",None,Yes,Shared Heating,No,None,Natural Gas Shared Heating,"Boiler Baseboards Heating Only, Fuel",None,None,None,None,71F,No,0F,None,<10000,<20000,<20000,500-749,1,0-1499,4,Middle,36,Middle,"Multifamily with 5+ units, 4-7 stories",4+,None,None,"Multi-Family with 5+ Units Middle Unit, Slab, No Attic, No Garage",Living Space,"0% Leakage to Outside, Uninsulated",<8,Wood Frame,"Stucco, Light",100% Conditioned,15 ACH50,None,None,None,None,"Finished, R-38",Uninsulated,"Wood Stud, Uninsulated",2,0-30%,0-100%,Yes,Electric,Standard,Electric Resistance,318 Rated kWh,No,None,None,None,None,None,None,EF 17.6,"Asphalt Shingles, Medium",0-30%,Electricity,"Electric Heat Pump, Standard, Combi",No,Conditioned Mechanical Room,F12 B12 L12 R12,"Single, Clear, Metal",0.6,spec,140,15000,5,200,275
12,5B,Hour10,"G0800310, G08000815",No,None,"CO, Denver","CO, Denver County",Non-CBSA Mountain,5B,Cold,None,20 ft^2,Fiberglass,2 ft,None,Northern,0.8,No,No,No Exterior Use,Uninsulated,None,"Summer = 0.7, Winter = 0.85",100% Usage,100% Usage,None,"Denver-Aurora-Lakewood, CO MSA",Metropolitan,None,None,None,None,"Cooling Season, 7 days/wk",East,None,"CO, 00815",20 to 49 Unit,None,None,Multi-Family with 5+ Units,No,0F,None,Double-Loaded Interior,12,"In metro area, not/partially in principal city",33,RMPAc,None,Hour16,None,CO,Mountain,Mountain North,West,Others,100% Incandescent,CR05,100%,Medium,100% Usage,100% Usage,100% Usage,100% Usage,100% Usage,100%,100% Usage,Occupied,None,No,None,None,None,Renter,1950s,None,None,None,0%,Natural Gas,Non-Ducted Heating,1940-59,Slab,Room AC,76F,None,"Room AC, EER 12.0",None,Yes,Shared Heating,No,None,Natural Gas Shared Heating,"Boiler Baseboards Heating Only, Fuel",None,None,None,None,71F,No,0F,None,<10000,<20000,<20000,500-749,1,0-1499,4,Middle,36,Middle,"Multifamily with 5+ units, 4-7 stories",4+,None,None,"Multi-Family with 5+ Units Middle Unit, Slab, No Attic, No Garage",Living Space,"0% Leakage to Outside, Uninsulated",<8,Wood Frame,"Stucco, Light",100% Conditioned,15 ACH50,None,None,None,None,"Finished, R-38",Uninsulated,"Wood Stud, Uninsulated",2,0-30%,0-100%,Yes,Electric,Standard,Electric Resistance,318 Rated kWh,No,None,None,None,None,None,None,EF 17.6,"Asphalt Shingles, Medium",0-30%,Electricity,"Electric Heat Pump, Standard, Combi",No,Conditioned Mechanical Room,F12 B12 L12 R12,"Single, Clear, Metal",0.6,spec,140,15000,4,200,275
13,5B,Hour10,"G0800310, G08000815",No,None,"CO, Denver","CO, Denver County",Non-CBSA Mountain,5B,Cold,None,20 ft^2,Fiberglass,2 ft,None,Northern,0.8,No,No,No Exterior Use,Uninsulated,None,"Summer = 0.7, Winter = 0.85",100% Usage,100% Usage,None,"Denver-Aurora-Lakewood, CO MSA",Metropolitan,None,None,None,None,"Cooling Season, 7 days/wk",East,None,"CO, 00815",20 to 49 Unit,None,None,Multi-Family with 5+ Units,No,0F,None,Double-Loaded Interior,12,"In metro area, not/partially in principal city",33,RMPAc,None,Hour16,None,CO,Mountain,Mountain North,West,Others,100% Incandescent,CR05,100%,Medium,100% Usage,100% Usage,100% Usage,100% Usage,100% Usage,100%,100% Usage,Occupied,None,No,None,None,None,Renter,1950s,None,None,None,0%,Natural Gas,Non-Ducted Heating,1940-59,Slab,Room AC,76F,None,"Room AC, EER 12.0",None,Yes,Shared Heating,No,None,Natural Gas Shared Heating,"Boiler Baseboards Heating Only, Fuel",None,None,None,None,71F,No,0F,None,<10000,<20000,<20000,500-749,1,0-1499,4,Middle,36,Middle,"Multifamily with 5+ units, 4-7 stories",4+,None,None,"Multi-Family with 5+ Units Middle Unit, Slab, No Attic, No Garage",Living Space,"0% Leakage to Outside, Uninsulated",<8,Wood Frame,"Stucco, Light",100% Conditioned,15 ACH50,None,None,None,None,"Finished, R-38",Uninsulated,"Wood Stud, Uninsulated",2,0-30%,0-100%,Yes,Electric,Standard,Electric Resistance,318 Rated kWh,No,None,None,None,None,None,None,EF 17.6,"Asphalt Shingles, Medium",0-30%,Electricity,"Electric Heat Pump, Standard, Combi",No,Conditioned Mechanical Room,F12 B12 L12 R12,"Single, Clear, Metal",0.6,spec,140,15000,3,200,275
14,5B,Hour10,"G0800310, G08000815",No,None,"CO, Denver","CO, Denver County",Non-CBSA Mountain,5B,Cold,None,20 ft^2,Fiberglass,2 ft,None,Northern,0.8,No,No,No Exterior Use,Uninsulated,None,"Summer = 0.7, Winter = 0.85",100% Usage,100% Usage,None,"Denver-Aurora-Lakewood, CO MSA",Metropolitan,None,None,None,None,"Cooling Season, 7 days/wk",East,None,"CO, 00815",20 to 49 Unit,None,None,Multi-Family with 5+ Units,No,0F,None,Double-Loaded Interior,12,"In metro area, not/partially in principal city",33,RMPAc,None,Hour16,None,CO,Mountain,Mountain North,West,Others,100% Incandescent,CR05,100%,Medium,100% Usage,100% Usage,100% Usage,100% Usage,100% Usage,100%,100% Usage,Occupied,None,No,None,None,None,Renter,1950s,None,None,None,0%,Natural Gas,Non-Ducted Heating,1940-59,Slab,Room AC,76F,None,"Room AC, EER 12.0",None,Yes,Shared Heating,No,None,Natural Gas Shared Heating,"Boiler Baseboards Heating Only, Fuel",None,None,None,None,71F,No,0F,None,<10000,<20000,<20000,500-749,1,0-1499,4,Middle,36,Middle,"Multifamily with 5+ units, 4-7 stories",4+,None,None,"Multi-Family with 5+ Units Middle Unit, Slab, No Attic, No Garage",Living Space,"0% Leakage to Outside, Uninsulated",<8,Wood Frame,"Stucco, Light",100% Conditioned,15 ACH50,None,None,None,None,"Finished, R-38",Uninsulated,"Wood Stud, Uninsulated",2,0-30%,0-100%,Yes,Electric,Standard,Electric Resistance,318 Rated kWh,No,None,None,None,None,None,None,EF 17.6,"Asphalt Shingles, Medium",0-30%,Electricity,"Electric Heat Pump, Standard, Combi",No,Conditioned Mechanical Room,F12 B12 L12 R12,"Single, Clear, Metal",0.6,spec,140,15000,2,200,275
15,5B,Hour10,"G0800310, G08000815",No,None,"CO, Denver","CO, Denver County",Non-CBSA Mountain,5B,Cold,None,20 ft^2,Fiberglass,2 ft,None,Northern,0.8,No,No,No Exterior Use,Uninsulated,None,"Summer = 0.7, Winter = 0.85",100% Usage,100% Usage,None,"Denver-Aurora-Lakewood, CO MSA",Metropolitan,None,None,None,None,"Cooling Season, 7 days/wk",East,None,"CO, 00815",20 to 49 Unit,None,None,Multi-Family with 5+ Units,No,0F,None,Double-Loaded Interior,12,"In metro area, not/partially in principal city",33,RMPAc,None,Hour16,None,CO,Mountain,Mountain North,West,Others,100% Incandescent,CR05,100%,Medium,100% Usage,100% Usage,100% Usage,100% Usage,100% Usage,100%,100% Usage,Occupied,None,No,None,None,None,Renter,1950s,None,None,None,0%,Natural Gas,Non-Ducted Heating,1940-59,Slab,Room AC,76F,None,"Room AC, EER 12.0",None,Yes,Shared Heating,No,None,Natural Gas Shared Heating,"Boiler Baseboards Heating Only, Fuel",None,None,None,None,71F,No,0F,None,<10000,<20000,<20000,500-749,1,0-1499,4,Middle,36,Middle,"Multifamily with 5+ units, 4-7 stories",4+,None,None,"Multi-Family with 5+ Units Middle Unit, Slab, No Attic, No Garage",Living Space,"0% Leakage to Outside, Uninsulated",<8,Wood Frame,"Stucco, Light",100% Conditioned,15 ACH50,None,None,None,None,"Finished, R-38",Uninsulated,"Wood Stud, Uninsulated",2,0-30%,0-100%,Yes,Electric,Standard,Electric Resistance,318 Rated kWh,No,None,None,None,None,None,None,EF 17.6,"Asphalt Shingles, Medium",0-30%,Electricity,"Electric Heat Pump, Standard, Combi",No,Conditioned Mechanical Room,F12 B12 L12 R12,"Single, Clear, Metal",0.6,spec,140,15000,1,200,275
16,5B,Hour10,"G0800310, G08000815",No,None,"CO, Denver","CO, Denver County",Non-CBSA Mountain,5B,Cold,None,20 ft^2,Fiberglass,2 ft,None,Northern,0.8,No,No,No Exterior Use,Uninsulated,None,"Summer = 0.7, Winter = 0.85",100% Usage,100% Usage,None,"Denver-Aurora-Lakewood, CO MSA",Metropolitan,None,None,None,None,"Cooling Season, 7 days/wk",East,None,"CO, 00815",20 to 49 Unit,None,None,Multi-Family with 5+ Units,No,0F,None,Double-Loaded Interior,12,"In metro area, not/partially in principal city",33,RMPAc,None,Hour16,None,CO,Mountain,Mountain North,West,Others,100% Incandescent,CR05,100%,Medium,100% Usage,100% Usage,100% Usage,100% Usage,100% Usage,100%,100% Usage,Occupied,None,No,None,None,None,Renter,1950s,None,None,None,0%,Natural Gas,Non-Ducted Heating,1940-59,Slab,Room AC,76F,None,"Room AC, EER 12.0",None,Yes,Shared Heating,No,None,Natural Gas Shared Heating,"Boiler Baseboards Heating Only, Fuel",None,None,None,None,71F,No,0F,None,<10000,<20000,<20000,500-749,1,0-1499,4,Middle,36,Middle,"Multifamily with 5+ units, 4-7 stories",4+,None,None,"Multi-Family with 5+ Units Middle Unit, Slab, No Attic, No Garage",Living Space,"0% Leakage to Outside, Uninsulated",<8,Wood Frame,"Stucco, Light",100% Conditioned,15 ACH50,None,None,None,None,"Finished, R-38",Uninsulated,"Wood Stud, Uninsulated",2,0-30%,0-100%,Yes,Electric,Standard,Electric Resistance,318 Rated kWh,No,None,None,None,None,None,None,EF 17.6,"Asphalt Shingles, Medium",0-30%,Electricity,"Electric Heat Pump, Standard, Combi",No,Conditioned Mechanical Room,F12 B12 L12 R12,"Single, Clear, Metal",0.6,spec,140,10000,5,200,275
17,5B,Hour10,"G0800310, G08000815",No,None,"CO, Denver","CO, Denver County",Non-CBSA Mountain,5B,Cold,None,20 ft^2,Fiberglass,2 ft,None,Northern,0.8,No,No,No Exterior Use,Uninsulated,None,"Summer = 0.7, Winter = 0.85",100% Usage,100% Usage,None,"Denver-Aurora-Lakewood, CO MSA",Metropolitan,None,None,None,None,"Cooling Season, 7 days/wk",East,None,"CO, 00815",20 to 49 Unit,None,None,Multi-Family with 5+ Units,No,0F,None,Double-Loaded Interior,12,"In metro area, not/partially in principal city",33,RMPAc,None,Hour16,None,CO,Mountain,Mountain North,West,Others,100% Incandescent,CR05,100%,Medium,100% Usage,100% Usage,100% Usage,100% Usage,100% Usage,100%,100% Usage,Occupied,None,No,None,None,None,Renter,1950s,None,None,None,0%,Natural Gas,Non-Ducted Heating,1940-59,Slab,Room AC,76F,None,"Room AC, EER 12.0",None,Yes,Shared Heating,No,None,Natural Gas Shared Heating,"Boiler Baseboards Heating Only, Fuel",None,None,None,None,71F,No,0F,None,<10000,<20000,<20000,500-749,1,0-1499,4,Middle,36,Middle,"Multifamily with 5+ units, 4-7 stories",4+,None,None,"Multi-Family with 5+ Units Middle Unit, Slab, No Attic, No Garage",Living Space,"0% Leakage to Outside, Uninsulated",<8,Wood Frame,"Stucco, Light",100% Conditioned,15 ACH50,None,None,None,None,"Finished, R-38",Uninsulated,"Wood Stud, Uninsulated",2,0-30%,0-100%,Yes,Electric,Standard,Electric Resistance,318 Rated kWh,No,None,None,None,None,None,None,EF 17.6,"Asphalt Shingles, Medium",0-30%,Electricity,"Electric Heat Pump, Standard, Combi",No,Conditioned Mechanical Room,F12 B12 L12 R12,"Single, Clear, Metal",0.6,spec,140,10000,4,200,275
18,5B,Hour10,"G0800310, G08000815",No,None,"CO, Denver","CO, Denver County",Non-CBSA Mountain,5B,Cold,None,20 ft^2,Fiberglass,2 ft,None,Northern,0.8,No,No,No Exterior Use,Uninsulated,None,"Summer = 0.7, Winter = 0.85",100% Usage,100% Usage,None,"Denver-Aurora-Lakewood, CO MSA",Metropolitan,None,None,None,None,"Cooling Season, 7 days/wk",East,None,"CO, 00815",20 to 49 Unit,None,None,Multi-Family with 5+ Units,No,0F,None,Double-Loaded Interior,12,"In metro area, not/partially in principal city",33,RMPAc,None,Hour16,None,CO,Mountain,Mountain North,West,Others,100% Incandescent,CR05,100%,Medium,100% Usage,100% Usage,100% Usage,100% Usage,100% Usage,100%,100% Usage,Occupied,None,No,None,None,None,Renter,1950s,None,None,None,0%,Natural Gas,Non-Ducted Heating,1940-59,Slab,Room AC,76F,None,"Room AC, EER 12.0",None,Yes,Shared Heating,No,None,Natural Gas Shared Heating,"Boiler Baseboards Heating Only, Fuel",None,None,None,None,71F,No,0F,None,<10000,<20000,<20000,500-749,1,0-1499,4,Middle,36,Middle,"Multifamily with 5+ units, 4-7 stories",4+,None,None,"Multi-Family with 5+ Units Middle Unit, Slab, No Attic, No Garage",Living Space,"0% Leakage to Outside, Uninsulated",<8,Wood Frame,"Stucco, Light",100% Conditioned,15 ACH50,None,None,None,None,"Finished, R-38",Uninsulated,"Wood Stud, Uninsulated",2,0-30%,0-100%,Yes,Electric,Standard,Electric Resistance,318 Rated kWh,No,None,None,None,None,None,None,EF 17.6,"Asphalt Shingles, Medium",0-30%,Electricity,"Electric Heat Pump, Standard, Combi",No,Conditioned Mechanical Room,F12 B12 L12 R12,"Single, Clear, Metal",0.6,spec,140,10000,3,200,275
19,5B,Hour10,"G0800310, G08000815",No,None,"CO, Denver","CO, Denver County",Non-CBSA Mountain,5B,Cold,None,20 ft^2,Fiberglass,2 ft,None,Northern,0.8,No,No,No Exterior Use,Uninsulated,None,"Summer = 0.7, Winter = 0.85",100% Usage,100% Usage,None,"Denver-Aurora-Lakewood, CO MSA",Metropolitan,None,None,None,None,"Cooling Season, 7 days/wk",East,None,"CO, 00815",20 to 49 Unit,None,None,Multi-Family with 5+ Units,No,0F,None,Double-Loaded Interior,12,"In metro area, not/partially in principal city",33,RMPAc,None,Hour16,None,CO,Mountain,Mountain North,West,Others,100% Incandescent,CR05,100%,Medium,100% Usage,100% Usage,100% Usage,100% Usage,100% Usage,100%,100% Usage,Occupied,None,No,None,None,None,Renter,1950s,None,None,None,0%,Natural Gas,Non-Ducted Heating,1940-59,Slab,Room AC,76F,None,"Room AC, EER 12.0",None,Yes,Shared Heating,No,None,Natural Gas Shared Heating,"Boiler Baseboards Heating Only, Fuel",None,None,None,None,71F,No,0F,None,<10000,<20000,<20000,500-749,1,0-1499,4,Middle,36,Middle,"Multifamily with 5+ units, 4-7 stories",4+,None,None,"Multi-Family with 5+ Units Middle Unit, Slab, No Attic, No Garage",Living Space,"0% Leakage to Outside, Uninsulated",<8,Wood Frame,"Stucco, Light",100% Conditioned,15 ACH50,None,None,None,None,"Finished, R-38",Uninsulated,"Wood Stud, Uninsulated",2,0-30%,0-100%,Yes,Electric,Standard,Electric Resistance,318 Rated kWh,No,None,None,None,None,None,None,EF 17.6,"Asphalt Shingles, Medium",0-30%,Electricity,"Electric Heat Pump, Standard, Combi",No,Conditioned Mechanical Room,F12 B12 L12 R12,"Single, Clear, Metal",0.6,spec,140,10000,2,200,275
20,5B,Hour10,"G0800310, G08000815",No,None,"CO, Denver","CO, Denver County",Non-CBSA Mountain,5B,Cold,None,20 ft^2,Fiberglass,2 ft,None,Northern,0.8,No,No,No Exterior Use,Uninsulated,None,"Summer = 0.7, Winter = 0.85",100% Usage,100% Usage,None,"Denver-Aurora-Lakewood, CO MSA",Metropolitan,None,None,None,None,"Cooling Season, 7 days/wk",East,None,"CO, 00815",20 to 49 Unit,None,None,Multi-Family with 5+ Units,No,0F,None,Double-Loaded Interior,12,"In metro area, not/partially in principal city",33,RMPAc,None,Hour16,None,CO,Mountain,Mountain North,West,Others,100% Incandescent,CR05,100%,Medium,100% Usage,100% Usage,100% Usage,100% Usage,100% Usage,100%,100% Usage,Occupied,None,No,None,None,None,Renter,1950s,None,None,None,0%,Natural Gas,Non-Ducted Heating,1940-59,Slab,Room AC,76F,None,"Room AC, EER 12.0",None,Yes,Shared Heating,No,None,Natural Gas Shared Heating,"Boiler Baseboards Heating Only, Fuel",None,None,None,None,71F,No,0F,None,<10000,<20000,<20000,500-749,1,0-1499,4,Middle,36,Middle,"Multifamily with 5+ units, 4-7 stories",4+,None,None,"Multi-Family with 5+ Units Middle Unit, Slab, No Attic, No Garage",Living Space,"0% Leakage to Outside, Uninsulated",<8,Wood Frame,"Stucco, Light",100% Conditioned,15 ACH50,None,None,None,None,"Finished, R-38",Uninsulated,"Wood Stud, Uninsulated",2,0-30%,0-100%,Yes,Electric,Standard,Electric Resistance,318 Rated kWh,No,None,None,None,None,None,None,EF 17.6,"Asphalt Shingles, Medium",0-30%,Electricity,"Electric Heat Pump, Standard, Combi",No,Conditioned Mechanical Room,F12 B12 L12 R12,"Single, Clear, Metal",0.6,spec,140,10000,1,200,275
21,5B,Hour10,"G0800310, G08000815",No,None,"CO, Denver","CO, Denver County",Non-CBSA Mountain,5B,Cold,None,20 ft^2,Fiberglass,2 ft,None,Northern,0.8,No,No,No Exterior Use,Uninsulated,None,"Summer = 0.7, Winter = 0.85",100% Usage,100% Usage,None,"Denver-Aurora-Lakewood, CO MSA",Metropolitan,None,None,None,None,"Cooling Season, 7 days/wk",East,None,"CO, 00815",20 to 49 Unit,None,None,Multi-Family with 5+ Units,No,0F,None,Double-Loaded Interior,12,"In metro area, not/partially in principal city",33,RMPAc,None,Hour16,None,CO,Mountain,Mountain North,West,Others,100% Incandescent,CR05,100%,Medium,100% Usage,100% Usage,100% Usage,100% Usage,100% Usage,100%,100% Usage,Occupied,None,No,None,None,None,Renter,1950s,None,None,None,0%,Natural Gas,Non-Ducted Heating,1940-59,Slab,Room AC,76F,None,"Room AC, EER 12.0",None,Yes,Shared Heating,No,None,Natural Gas Shared Heating,"Boiler Baseboards Heating Only, Fuel",None,None,None,None,71F,No,0F,None,<10000,<20000,<20000,500-749,1,0-1499,4,Middle,36,Middle,"Multifamily with 5+ units, 4-7 stories",4+,None,None,"Multi-Family with 5+ Units Middle Unit, Slab, No Attic, No Garage",Living Space,"0% Leakage to Outside, Uninsulated",<8,Wood Frame,"Stucco, Light",100% Conditioned,15 ACH50,None,None,None,None,"Finished, R-38",Uninsulated,"Wood Stud, Uninsulated",2,0-30%,0-100%,Yes,Electric,Standard,Electric Resistance,318 Rated kWh,No,None,None,None,None,None,None,EF 17.6,"Asphalt Shingles, Medium",0-30%,Electricity,"Electric Heat Pump, Standard, Combi",No,Conditioned Mechanical Room,F12 B12 L12 R12,"Single, Clear, Metal",0.6,spec,140,1000,5,200,275
22,5B,Hour10,"G0800310, G08000815",No,None,"CO, Denver","CO, Denver County",Non-CBSA Mountain,5B,Cold,None,20 ft^2,Fiberglass,2 ft,None,Northern,0.8,No,No,No Exterior Use,Uninsulated,None,"Summer = 0.7, Winter = 0.85",100% Usage,100% Usage,None,"Denver-Aurora-Lakewood, CO MSA",Metropolitan,None,None,None,None,"Cooling Season, 7 days/wk",East,None,"CO, 00815",20 to 49 Unit,None,None,Multi-Family with 5+ Units,No,0F,None,Double-Loaded Interior,12,"In metro area, not/partially in principal city",33,RMPAc,None,Hour16,None,CO,Mountain,Mountain North,West,Others,100% Incandescent,CR05,100%,Medium,100% Usage,100% Usage,100% Usage,100% Usage,100% Usage,100%,100% Usage,Occupied,None,No,None,None,None,Renter,1950s,None,None,None,0%,Natural Gas,Non-Ducted Heating,1940-59,Slab,Room AC,76F,None,"Room AC, EER 12.0",None,Yes,Shared Heating,No,None,Natural Gas Shared Heating,"Boiler Baseboards Heating Only, Fuel",None,None,None,None,71F,No,0F,None,<10000,<20000,<20000,500-749,1,0-1499,4,Middle,36,Middle,"Multifamily with 5+ units, 4-7 stories",4+,None,None,"Multi-Family with 5+ Units Middle Unit, Slab, No Attic, No Garage",Living Space,"0% Leakage to Outside, Uninsulated",<8,Wood Frame,"Stucco, Light",100% Conditioned,15 ACH50,None,None,None,None,"Finished, R-38",Uninsulated,"Wood Stud, Uninsulated",2,0-30%,0-100%,Yes,Electric,Standard,Electric Resistance,318 Rated kWh,No,None,None,None,None,None,None,EF 17.6,"Asphalt Shingles, Medium",0-30%,Electricity,"Electric Heat Pump, Standard, Combi",No,Conditioned Mechanical Room,F12 B12 L12 R12,"Single, Clear, Metal",0.6,spec,140,1000,4,200,275
23,5B,Hour10,"G0800310, G08000815",No,None,"CO, Denver","CO, Denver County",Non-CBSA Mountain,5B,Cold,None,20 ft^2,Fiberglass,2 ft,None,Northern,0.8,No,No,No Exterior Use,Uninsulated,None,"Summer = 0.7, Winter = 0.85",100% Usage,100% Usage,None,"Denver-Aurora-Lakewood, CO MSA",Metropolitan,None,None,None,None,"Cooling Season, 7 days/wk",East,None,"CO, 00815",20 to 49 Unit,None,None,Multi-Family with 5+ Units,No,0F,None,Double-Loaded Interior,12,"In metro area, not/partially in principal city",33,RMPAc,None,Hour16,None,CO,Mountain,Mountain North,West,Others,100% Incandescent,CR05,100%,Medium,100% Usage,100% Usage,100% Usage,100% Usage,100% Usage,100%,100% Usage,Occupied,None,No,None,None,None,Renter,1950s,None,None,None,0%,Natural Gas,Non-Ducted Heating,1940-59,Slab,Room AC,76F,None,"Room AC, EER 12.0",None,Yes,Shared Heating,No,None,Natural Gas Shared Heating,"Boiler Baseboards Heating Only, Fuel",None,None,None,None,71F,No,0F,None,<10000,<20000,<20000,500-749,1,0-1499,4,Middle,36,Middle,"Multifamily with 5+ units, 4-7 stories",4+,None,None,"Multi-Family with 5+ Units Middle Unit, Slab, No Attic, No Garage",Living Space,"0% Leakage to Outside, Uninsulated",<8,Wood Frame,"Stucco, Light",100% Conditioned,15 ACH50,None,None,None,None,"Finished, R-38",Uninsulated,"Wood Stud, Uninsulated",2,0-30%,0-100%,Yes,Electric,Standard,Electric Resistance,318 Rated kWh,No,None,None,None,None,None,None,EF 17.6,"Asphalt Shingles, Medium",0-30%,Electricity,"Electric Heat Pump, Standard, Combi",No,Conditioned Mechanical Room,F12 B12 L12 R12,"Single, Clear, Metal",0.6,spec,140,1000,3,200,275
24,5B,Hour10,"G0800310, G08000815",No,None,"CO, Denver","CO, Denver County",Non-CBSA Mountain,5B,Cold,None,20 ft^2,Fiberglass,2 ft,None,Northern,0.8,No,No,No Exterior Use,Uninsulated,None,"Summer = 0.7, Winter = 0.85",100% Usage,100% Usage,None,"Denver-Aurora-Lakewood, CO MSA",Metropolitan,None,None,None,None,"Cooling Season, 7 days/wk",East,None,"CO, 00815",20 to 49 Unit,None,None,Multi-Family with 5+ Units,No,0F,None,Double-Loaded Interior,12,"In metro area, not/partially in principal city",33,RMPAc,None,Hour16,None,CO,Mountain,Mountain North,West,Others,100% Incandescent,CR05,100%,Medium,100% Usage,100% Usage,100% Usage,100% Usage,100% Usage,100%,100% Usage,Occupied,None,No,None,None,None,Renter,1950s,None,None,None,0%,Natural Gas,Non-Ducted Heating,1940-59,Slab,Room AC,76F,None,"Room AC, EER 12.0",None,Yes,Shared Heating,No,None,Natural Gas Shared Heating,"Boiler Baseboards Heating Only, Fuel",None,None,None,None,71F,No,0F,None,<10000,<20000,<20000,500-749,1,0-1499,4,Middle,36,Middle,"Multifamily with 5+ units, 4-7 stories",4+,None,None,"Multi-Family with 5+ Units Middle Unit, Slab, No Attic, No Garage",Living Space,"0% Leakage to Outside, Uninsulated",<8,Wood Frame,"Stucco, Light",100% Conditioned,15 ACH50,None,None,None,None,"Finished, R-38",Uninsulated,"Wood Stud, Uninsulated",2,0-30%,0-100%,Yes,Electric,Standard,Electric Resistance,318 Rated kWh,No,None,None,None,None,None,None,EF 17.6,"Asphalt Shingles, Medium",0-30%,Electricity,"Electric Heat Pump, Standard, Combi",No,Conditioned Mechanical Room,F12 B12 L12 R12,"Single, Clear, Metal",0.6,spec,140,1000,2,200,275
25,5B,Hour10,"G0800310, G08000815",No,None,"CO, Denver","CO, Denver County",Non-CBSA Mountain,5B,Cold,None,20 ft^2,Fiberglass,2 ft,None,Northern,0.8,No,No,No Exterior Use,Uninsulated,None,"Summer = 0.7, Winter = 0.85",100% Usage,100% Usage,None,"Denver-Aurora-Lakewood, CO MSA",Metropolitan,None,None,None,None,"Cooling Season, 7 days/wk",East,None,"CO, 00815",20 to 49 Unit,None,None,Multi-Family with 5+ Units,No,0F,None,Double-Loaded Interior,12,"In metro area, not/partially in principal city",33,RMPAc,None,Hour16,None,CO,Mountain,Mountain North,West,Others,100% Incandescent,CR05,100%,Medium,100% Usage,100% Usage,100% Usage,100% Usage,100% Usage,100%,100% Usage,Occupied,None,No,None,None,None,Renter,1950s,None,None,None,0%,Natural Gas,Non-Ducted Heating,1940-59,Slab,Room AC,76F,None,"Room AC, EER 12.0",None,Yes,Shared Heating,No,None,Natural Gas Shared Heating,"Boiler Baseboards Heating Only, Fuel",None,None,None,None,71F,No,0F,None,<10000,<20000,<20000,500-749,1,0-1499,4,Middle,36,Middle,"Multifamily with 5+ units, 4-7 stories",4+,None,None,"Multi-Family with 5+ Units Middle Unit, Slab, No Attic, No Garage",Living Space,"0% Leakage to Outside, Uninsulated",<8,Wood Frame,"Stucco, Light",100% Conditioned,15 ACH50,None,None,None,None,"Finished, R-38",Uninsulated,"Wood Stud, Uninsulated",2,0-30%,0-100%,Yes,Electric,Standard,Electric Resistance,318 Rated kWh,No,None,None,None,None,None,None,EF 17.6,"Asphalt Shingles, Medium",0-30%,Electricity,"Electric Heat Pump, Standard, Combi",No,Conditioned Mechanical Room,F12 B12 L12 R12,"Single, Clear, Metal",0.6,spec,140,1000,1,200,275
26,5B,Hour10,"G0800310, G08000815",No,None,"CO, Denver","CO, Denver County",Non-CBSA Mountain,5B,Cold,None,20 ft^2,Fiberglass,2 ft,None,Northern,0.8,No,No,No Exterior Use,Uninsulated,None,"Summer = 0.7, Winter = 0.85",100% Usage,100% Usage,None,"Denver-Aurora-Lakewood, CO MSA",Metropolitan,None,None,None,None,"Cooling Season, 7 days/wk",East,None,"CO, 00815",20 to 49 Unit,None,None,Multi-Family with 5+ Units,No,0F,None,Double-Loaded Interior,12,"In metro area, not/partially in principal city",33,RMPAc,None,Hour16,None,CO,Mountain,Mountain North,West,Others,100% Incandescent,CR05,100%,Medium,100% Usage,100% Usage,100% Usage,100% Usage,100% Usage,100%,100% Usage,Occupied,None,No,None,None,None,Renter,1950s,None,None,None,0%,Natural Gas,Non-Ducted Heating,1940-59,Slab,Room AC,76F,None,"Room AC, EER 12.0",None,Yes,Shared Heating,No,None,Natural Gas Shared Heating,"Boiler Baseboards Heating Only, Fuel",None,None,None,None,71F,No,0F,None,<10000,<20000,<20000,500-749,1,0-1499,4,Middle,36,Middle,"Multifamily with 5+ units, 4-7 stories",4+,None,None,"Multi-Family with 5+ Units Middle Unit, Slab, No Attic, No Garage",Living Space,"0% Leakage to Outside, Uninsulated",<8,Wood Frame,"Stucco, Light",100% Conditioned,15 ACH50,None,None,None,None,"Finished, R-38",Uninsulated,"Wood Stud, Uninsulated",2,0-30%,0-100%,Yes,Electric,Standard,Electric Resistance,318 Rated kWh,No,None,None,None,None,None,None,EF 17.6,"Asphalt Shingles, Medium",0-30%,Electricity,"Electric Heat Pump, Standard, Combi",No,Conditioned Mechanical Room,F12 B12 L12 R12,"Single, Clear, Metal",0.6,spec,140,500,5,200,275
27,5B,Hour10,"G0800310, G08000815",No,None,"CO, Denver","CO, Denver County",Non-CBSA Mountain,5B,Cold,None,20 ft^2,Fiberglass,2 ft,None,Northern,0.8,No,No,No Exterior Use,Uninsulated,None,"Summer = 0.7, Winter = 0.85",100% Usage,100% Usage,None,"Denver-Aurora-Lakewood, CO MSA",Metropolitan,None,None,None,None,"Cooling Season, 7 days/wk",East,None,"CO, 00815",20 to 49 Unit,None,None,Multi-Family with 5+ Units,No,0F,None,Double-Loaded Interior,12,"In metro area, not/partially in principal city",33,RMPAc,None,Hour16,None,CO,Mountain,Mountain North,West,Others,100% Incandescent,CR05,100%,Medium,100% Usage,100% Usage,100% Usage,100% Usage,100% Usage,100%,100% Usage,Occupied,None,No,None,None,None,Renter,1950s,None,None,None,0%,Natural Gas,Non-Ducted Heating,1940-59,Slab,Room AC,76F,None,"Room AC, EER 12.0",None,Yes,Shared Heating,No,None,Natural Gas Shared Heating,"Boiler Baseboards Heating Only, Fuel",None,None,None,None,71F,No,0F,None,<10000,<20000,<20000,500-749,1,0-1499,4,Middle,36,Middle,"Multifamily with 5+ units, 4-7 stories",4+,None,None,"Multi-Family with 5+ Units Middle Unit, Slab, No Attic, No Garage",Living Space,"0% Leakage to Outside, Uninsulated",<8,Wood Frame,"Stucco, Light",100% Conditioned,15 ACH50,None,None,None,None,"Finished, R-38",Uninsulated,"Wood Stud, Uninsulated",2,0-30%,0-100%,Yes,Electric,Standard,Electric Resistance,318 Rated kWh,No,None,None,None,None,None,None,EF 17.6,"Asphalt Shingles, Medium",0-30%,Electricity,"Electric Heat Pump, Standard, Combi",No,Conditioned Mechanical Room,F12 B12 L12 R12,"Single, Clear, Metal",0.6,spec,140,500,4,200,275
28,5B,Hour10,"G0800310, G08000815",No,None,"CO, Denver","CO, Denver County",Non-CBSA Mountain,5B,Cold,None,20 ft^2,Fiberglass,2 ft,None,Northern,0.8,No,No,No Exterior Use,Uninsulated,None,"Summer = 0.7, Winter = 0.85",100% Usage,100% Usage,None,"Denver-Aurora-Lakewood, CO MSA",Metropolitan,None,None,None,None,"Cooling Season, 7 days/wk",East,None,"CO, 00815",20 to 49 Unit,None,None,Multi-Family with 5+ Units,No,0F,None,Double-Loaded Interior,12,"In metro area, not/partially in principal city",33,RMPAc,None,Hour16,None,CO,Mountain,Mountain North,West,Others,100% Incandescent,CR05,100%,Medium,100% Usage,100% Usage,100% Usage,100% Usage,100% Usage,100%,100% Usage,Occupied,None,No,None,None,None,Renter,1950s,None,None,None,0%,Natural Gas,Non-Ducted Heating,1940-59,Slab,Room AC,76F,None,"Room AC, EER 12.0",None,Yes,Shared Heating,No,None,Natural Gas Shared Heating,"Boiler Baseboards Heating Only, Fuel",None,None,None,None,71F,No,0F,None,<10000,<20000,<20000,500-749,1,0-1499,4,Middle,36,Middle,"Multifamily with 5+ units, 4-7 stories",4+,None,None,"Multi-Family with 5+ Units Middle Unit, Slab, No Attic, No Garage",Living Space,"0% Leakage to Outside, Uninsulated",<8,Wood Frame,"Stucco, Light",100% Conditioned,15 ACH50,None,None,None,None,"Finished, R-38",Uninsulated,"Wood Stud, Uninsulated",2,0-30%,0-100%,Yes,Electric,Standard,Electric Resistance,318 Rated kWh,No,None,None,None,None,None,None,EF 17.6,"Asphalt Shingles, Medium",0-30%,Electricity,"Electric Heat Pump, Standard, Combi",No,Conditioned Mechanical Room,F12 B12 L12 R12,"Single, Clear, Metal",0.6,spec,140,500,3,200,275
29,5B,Hour10,"G0800310, G08000815",No,None,"CO, Denver","CO, Denver County",Non-CBSA Mountain,5B,Cold,None,20 ft^2,Fiberglass,2 ft,None,Northern,0.8,No,No,No Exterior Use,Uninsulated,None,"Summer = 0.7, Winter = 0.85",100% Usage,100% Usage,None,"Denver-Aurora-Lakewood, CO MSA",Metropolitan,None,None,None,None,"Cooling Season, 7 days/wk",East,None,"CO, 00815",20 to 49 Unit,None,None,Multi-Family with 5+ Units,No,0F,None,Double-Loaded Interior,12,"In metro area, not/partially in principal city",33,RMPAc,None,Hour16,None,CO,Mountain,Mountain North,West,Others,100% Incandescent,CR05,100%,Medium,100% Usage,100% Usage,100% Usage,100% Usage,100% Usage,100%,100% Usage,Occupied,None,No,None,None,None,Renter,1950s,None,None,None,0%,Natural Gas,Non-Ducted Heating,1940-59,Slab,Room AC,76F,None,"Room AC, EER 12.0",None,Yes,Shared Heating,No,None,Natural Gas Shared Heating,"Boiler Baseboards Heating Only, Fuel",None,None,None,None,71F,No,0F,None,<10000,<20000,<20000,500-749,1,0-1499,4,Middle,36,Middle,"Multifamily with 5+ units, 4-7 stories",4+,None,None,"Multi-Family with 5+ Units Middle Unit, Slab, No Attic, No Garage",Living Space,"0% Leakage to Outside, Uninsulated",<8,Wood Frame,"Stucco, Light",100% Conditioned,15 ACH50,None,None,None,None,"Finished, R-38",Uninsulated,"Wood Stud, Uninsulated",2,0-30%,0-100%,Yes,Electric,Standard,Electric Resistance,318 Rated kWh,No,None,None,None,None,None,None,EF 17.6,"Asphalt Shingles, Medium",0-30%,Electricity,"Electric Heat Pump, Standard, Combi",No,Conditioned Mechanical Room,F12 B12 L12 R12,"Single, Clear, Metal",0.6,spec,140,500,2,200,275
30,5B,Hour10,"G0800310, G08000815",No,None,"CO, Denver","CO, Denver County",Non-CBSA Mountain,5B,Cold,None,20 ft^2,Fiberglass,2 ft,None,Northern,0.8,No,No,No Exterior Use,Uninsulated,None,"Summer = 0.7, Winter = 0.85",100% Usage,100% Usage,None,"Denver-Aurora-Lakewood, CO MSA",Metropolitan,None,None,None,None,"Cooling Season, 7 days/wk",East,None,"CO, 00815",20 to 49 Unit,None,None,Multi-Family with 5+ Units,No,0F,None,Double-Loaded Interior,12,"In metro area, not/partially in principal city",33,RMPAc,None,Hour16,None,CO,Mountain,Mountain North,West,Others,100% Incandescent,CR05,100%,Medium,100% Usage,100% Usage,100% Usage,100% Usage,100% Usage,100%,100% Usage,Occupied,None,No,None,None,None,Renter,1950s,None,None,None,0%,Natural Gas,Non-Ducted Heating,1940-59,Slab,Room AC,76F,None,"Room AC, EER 12.0",None,Yes,Shared Heating,No,None,Natural Gas Shared Heating,"Boiler Baseboards Heating Only, Fuel",None,None,None,None,71F,No,0F,None,<10000,<20000,<20000,500-749,1,0-1499,4,Middle,36,Middle,"Multifamily with 5+ units, 4-7 stories",4+,None,None,"Multi-Family with 5+ Units Middle Unit, Slab, No Attic, No Garage",Living Space,"0% Leakage to Outside, Uninsulated",<8,Wood Frame,"Stucco, Light",100% Conditioned,15 ACH50,None,None,None,None,"Finished, R-38",Uninsulated,"Wood Stud, Uninsulated",2,0-30%,0-100%,Yes,Electric,Standard,Electric Resistance,318 Rated kWh,No,None,None,None,None,None,None,EF 17.6,"Asphalt Shingles, Medium",0-30%,Electricity,"Electric Heat Pump, Standard, Combi",No,Conditioned Mechanical Room,F12 B12 L12 R12,"Single, Clear, Metal",0.6,spec,140,500,1,200,275
